{
  "accuracy": 0.9777777777777777,
  "f1_score": 0.9777779820073728
}